Country Name,Country Code,Year,IC.FRM.BRIB.GRAFT2,IC.FRM.CORR.CORR1,IC.FRM.CORR.CORR11,IC.FRM.CORR.CRIME9,IC.FRM.CRM.CRIME1,IC.FRM.CRM.CRIME2_C,IC.FRM.CRM.CRIME3_C,IC.FRM.CRM.CRIME8,IC.FRM.EMP.GROW.PEFT2,IC.FRM.FCHAR.CAR2,IC.FRM.FCHAR.CAR7,IC.FRM.FCHAR.CAR8,IC.FRM.FIAS.PEFT4,IC.FRM.FIN.FIN1,IC.FRM.FIN.FIN10,IC.FRM.FIN.FIN11,IC.FRM.FIN.FIN12,IC.FRM.FIN.FIN13,IC.FRM.FIN.FIN14,IC.FRM.FIN.FIN16,IC.FRM.FIN.FIN2,IC.FRM.FIN.FIN20,IC.FRM.FIN.FIN21,IC.FRM.FIN.FIN22,IC.FRM.FIN.FIN7,IC.FRM.GEN.GEND1,IC.FRM.GEN.GEND6,IC.FRM.INFOR.INFOR1,IC.FRM.INFOR.INFOR2,IC.FRM.INFRA.IN10_C,IC.FRM.INFRA.IN11,IC.FRM.INFRA.IN12,IC.FRM.INFRA.IN4_C,IC.FRM.OBS.OBST1,IC.FRM.OBS.OBST12,IC.FRM.OBS.OBST13,IC.FRM.OBS.OBST14,IC.FRM.OBS.OBST4,IC.FRM.OBS.OBST8,IC.FRM.PROD.GROW.PEFT3,IC.FRM.REG.BUS5,IC.FRM.REG.REG2_C,IC.FRM.REG.REG4,IC.FRM.REG.REG5,IC.FRM.REG.REG6,IC.FRM.SLS.GROW.PEFT1,IC.FRM.TRD.TR16,IC.FRM.TRD.TR17,IC.FRM.TRD.TR5,IC.FRM.TRD.TR9,IC.FRM.WRKF.WK10,IC.FRM.WRKF.WK9
Afghanistan,AFG,2014,34.6,34.0,62.6,40.8,29.5,6.2,24.2,57.5,6.9,100.0,0.0,0.0,28.5,84.5,197.0,70.7,2.0,3.9,5.1,47.6,1.5,45.0,7.6,3.8,1.2,2.2,0.5,41.5,33.5,38.3,42.1,65.8,9.6,12.1,1.0,0.7,5.0,16.2,10.2,-1.3,27.6,1.5,45.9,39.1,80.5,3.0,2.3,5.9,1.3,46.5,52.5,11.0
Albania,ALB,2013,17.6,18.4,20.1,1.3,53.9,4.2,1.3,5.2,3.5,93.1,6.2,0.0,22.1,81.7,266.9,87.4,12.4,23.0,29.4,8.4,6.9,71.0,3.8,15.2,8.7,13.1,8.0,46.3,23.8,10.5,5.0,20.3,5.7,12.7,19.9,11.9,11.3,5.7,14.2,-6.6,3.2,5.7,14.5,13.4,92.2,-3.5,8.7,12.0,5.2,3.1,6.0,1.7
Albania,ALB,2019,30.0,34.6,43.4,40.0,67.4,2.3,4.5,19.9,7.1,94.4,5.3,0.0,44.4,80.2,177.3,89.5,21.5,30.4,37.8,21.2,12.6,70.3,0.0,5.6,10.8,20.7,16.9,44.7,37.2,11.9,10.7,43.0,1.9,3.1,11.3,3.7,21.1,8.4,8.0,-2.6,16.9,5.7,48.8,29.0,93.2,3.1,14.9,16.4,10.1,7.7,24.8,7.7
Argentina,ARG,2017,7.1,6.0,50.0,39.5,61.9,1.4,1.8,14.0,-0.7,96.7,2.8,0.0,44.3,61.2,219.4,47.8,40.9,29.6,42.4,23.1,23.0,40.5,4.3,57.6,7.8,57.8,7.9,72.5,31.1,3.5,22.8,47.2,0.8,5.3,5.3,7.8,35.9,1.7,2.1,-6.5,25.0,3.3,79.0,59.8,41.1,-6.6,6.8,8.4,2.3,20.0,39.7,49.0
Armenia,ARM,2013,7.0,6.1,15.0,1.9,44.8,2.5,5.3,4.6,1.8,92.5,10.5,0.0,30.5,63.7,258.0,88.0,22.1,43.0,47.3,26.3,14.7,46.1,3.5,23.0,18.2,24.4,10.5,16.5,10.7,5.0,9.6,8.2,0.2,8.1,6.1,22.2,24.7,4.8,0.8,-0.9,4.5,1.7,37.1,28.3,76.0,0.7,7.3,9.1,4.1,21.5,7.7,2.3
Armenia,ARM,2020,1.3,0.1,14.0,6.1,46.6,1.0,1.3,18.7,3.4,94.8,6.4,0.0,32.7,70.5,207.5,71.7,23.1,35.7,40.9,31.6,14.3,35.2,2.7,8.3,13.5,27.4,18.1,28.9,20.6,6.2,8.9,26.4,0.7,29.7,12.9,3.9,10.2,3.8,0.8,3.2,1.1,1.4,25.0,6.4,59.6,5.8,14.2,15.6,7.3,6.1,35.9,3.6
Azerbaijan,AZE,2013,13.5,12.4,4.3,0.6,45.3,3.4,2.9,0.5,0.7,100.0,0.0,0.0,15.7,79.9,238.7,87.5,24.4,16.9,15.5,22.1,19.4,50.7,25.5,5.2,5.0,4.0,2.1,19.6,7.5,3.9,3.0,1.0,1.0,31.2,29.9,5.7,12.1,3.7,0.8,-13.1,3.4,2.0,4.1,4.6,83.3,-13.4,1.3,2.3,0.4,1.2,0.4,0.2
Azerbaijan,AZE,2019,8.7,9.7,5.6,2.4,63.0,2.8,3.5,7.9,7.5,93.5,6.1,0.0,34.1,77.5,198.6,77.8,0.0,19.4,16.8,10.9,0.0,64.5,10.2,5.6,6.8,15.3,10.5,29.9,21.7,12.2,1.2,5.7,1.5,23.7,28.4,2.4,2.3,7.9,2.7,-3.2,2.3,1.9,5.8,3.7,42.4,5.4,9.0,15.3,3.6,7.3,7.8,0.4
Bangladesh,BGD,2013,43.9,41.0,49.6,10.1,78.3,1.9,3.9,8.0,4.7,98.4,1.9,0.2,22.6,74.5,271.1,84.4,19.8,29.9,34.1,22.8,12.4,41.9,15.6,10.5,13.6,12.7,1.7,39.4,9.1,26.1,14.6,52.0,5.5,13.8,1.2,0.5,1.4,7.9,27.8,-2.3,9.0,3.2,7.3,10.8,59.4,2.4,17.9,21.8,14.9,6.2,15.7,3.4
Belarus,BLR,2013,3.8,3.0,11.3,1.5,59.5,1.6,1.9,7.5,4.3,86.0,11.4,8.0,48.3,78.9,155.7,83.0,28.0,33.3,31.8,15.8,13.2,41.1,5.0,16.4,11.4,46.2,17.6,44.7,12.1,12.8,8.2,15.2,0.3,18.0,13.0,0.8,23.0,3.9,0.3,4.5,8.0,1.3,24.5,4.1,37.0,9.0,14.3,21.5,7.5,9.5,18.0,4.5
Belarus,BLR,2018,4.0,3.7,12.9,16.6,59.5,1.5,2.0,3.0,-0.6,84.7,9.7,8.7,42.7,83.4,150.9,72.4,23.5,31.1,39.3,15.6,12.4,45.7,12.2,8.0,10.3,45.5,19.2,20.3,9.6,3.0,6.3,10.0,0.3,17.1,8.4,0.3,21.7,3.7,2.3,0.4,10.5,2.8,27.4,3.0,17.1,-0.3,16.9,23.8,8.4,9.0,18.3,6.3
Belgium,BEL,2020,3.1,0.2,2.5,2.2,69.1,0.8,1.1,6.4,3.8,84.9,14.2,0.7,67.3,59.4,162.0,33.1,51.6,54.1,68.8,10.6,34.6,55.3,4.3,25.8,22.9,44.2,11.8,19.2,11.3,2.5,11.9,29.6,0.4,4.6,6.0,3.9,18.0,0.7,1.9,-0.5,5.5,1.5,28.5,7.6,27.6,2.3,28.9,33.5,14.8,4.5,35.4,17.5
Benin,BEN,2016,12.4,11.0,39.5,23.9,49.7,2.1,3.1,16.0,2.3,77.5,19.4,4.9,52.8,90.5,231.3,79.2,12.0,26.0,24.0,43.2,3.6,31.1,23.9,14.2,10.9,36.7,21.3,66.8,50.1,37.0,22.8,60.4,9.4,32.6,14.2,10.4,10.3,4.7,18.8,-9.2,2.9,1.6,46.9,43.4,60.9,-6.5,17.8,26.3,11.0,30.9,26.9,1.2
Bhutan,BTN,2015,0.3,0.3,3.9,1.5,28.6,1.9,7.1,1.2,13.4,95.5,3.7,1.5,40.0,75.1,178.9,94.5,32.2,42.0,46.5,16.4,18.9,57.8,8.3,5.5,25.9,43.3,32.8,7.2,9.8,10.2,13.8,14.1,3.7,23.8,9.6,1.1,12.1,0.9,6.9,4.4,8.9,1.2,15.8,7.1,81.5,13.4,3.4,16.1,2.4,8.8,14.4,14.7
Bolivia,BOL,2017,6.4,8.7,45.1,28.9,50.2,4.4,5.9,26.1,14.6,89.9,10.2,0.0,43.8,58.6,206.7,95.8,37.0,38.0,47.3,14.0,23.5,44.4,4.7,32.0,17.0,68.6,41.6,78.9,46.8,14.2,29.7,23.6,0.9,5.8,22.9,12.5,11.8,7.8,1.9,-3.1,31.0,4.3,41.4,40.1,52.8,11.6,7.5,12.1,7.2,27.2,17.2,30.0
Bosnia and Herzegovina,BIH,2013,8.7,7.6,31.8,10.1,40.3,1.4,2.5,10.5,0.5,91.3,10.3,0.9,57.3,56.7,220.0,81.8,44.0,45.3,63.2,16.0,29.4,48.4,7.0,44.7,17.8,22.8,7.4,47.0,18.9,5.1,4.0,9.7,1.1,15.0,5.6,1.5,10.9,10.7,1.0,0.6,7.8,2.2,25.1,15.5,73.1,0.8,21.4,27.2,11.9,7.5,10.4,7.3
Bosnia and Herzegovina,BIH,2019,11.9,14.4,29.5,18.0,49.2,2.1,1.5,14.5,2.8,88.6,10.9,2.6,62.9,71.0,212.3,67.3,34.0,40.4,51.4,10.6,20.5,57.9,5.4,12.1,16.1,24.9,13.0,42.1,28.6,2.1,10.7,24.5,0.8,2.9,8.7,7.4,17.8,7.3,4.8,0.3,21.1,2.9,36.5,26.2,61.6,2.2,32.2,36.4,15.8,12.1,24.3,11.2
Bulgaria,BGR,2013,5.2,4.8,24.9,7.5,74.2,1.3,3.2,9.6,-3.8,94.2,7.5,0.0,41.7,75.9,167.5,89.8,18.7,40.6,44.6,18.7,11.6,49.6,9.1,20.7,16.5,41.5,13.3,58.5,31.9,2.0,4.4,14.6,1.1,8.7,25.9,3.7,10.2,11.5,3.1,-2.5,9.2,3.1,14.7,10.4,61.6,-5.7,16.5,20.4,10.9,2.5,13.5,11.0
Bulgaria,BGR,2019,7.1,9.4,26.7,13.8,66.3,2.7,2.6,14.2,-0.2,90.0,11.5,0.0,26.1,53.9,128.6,71.4,62.3,43.8,45.1,10.7,41.7,58.6,2.1,31.8,13.2,41.7,16.2,52.4,34.2,9.3,12.6,12.7,0.9,3.2,23.4,1.5,15.4,4.9,1.2,1.6,6.0,2.6,15.8,10.1,54.6,1.8,23.1,29.3,14.8,9.6,30.3,9.7
Burundi,BDI,2014,19.9,20.0,54.1,50.6,72.0,1.6,3.8,8.0,6.1,83.3,20.6,0.6,41.3,66.4,284.8,96.4,29.9,57.9,61.1,36.7,14.8,31.3,9.9,43.7,21.4,44.0,9.3,51.3,24.4,17.5,15.2,46.9,3.4,9.4,1.5,4.5,30.4,11.6,21.7,-16.6,5.9,1.8,69.9,33.5,86.5,-9.5,7.5,10.8,2.2,35.6,8.8,1.9
Cambodia,KHM,2013,61.8,58.2,47.8,16.2,67.6,12.4,0.5,12.3,10.4,88.5,15.3,0.2,47.2,91.3,239.0,98.8,7.9,3.6,36.8,14.2,3.9,67.1,2.0,0.7,1.2,33.35,13.0,47.349999999999994,36.8,22.9,9.2,33.1,0.4,0.6,12.9,0.5,12.2,13.3,27.6,-1.6,6.1,2.3,23.3,4.9,66.8,2.0,5.2,7.2,4.6,13.0,27.3,1.6
Cambodia,KHM,2016,59.4,58.7,10.2,4.0,53.2,2.7,3.2,24.2,5.9,93.4,4.5,0.0,44.5,96.3,165.1,77.5,2.5,18.2,19.9,16.9,0.9,58.3,3.0,2.5,7.4,46.2,43.7,77.8,32.0,9.0,12.0,6.1,3.6,7.6,28.3,1.4,6.3,6.7,2.4,-4.9,11.1,5.8,6.5,6.4,64.8,0.3,9.6,14.0,9.1,8.0,17.6,5.2
Cameroon,CMR,2016,22.6,20.4,42.0,24.5,61.0,5.7,8.9,28.3,6.2,83.7,7.8,1.7,49.9,62.3,259.9,88.1,15.8,20.2,14.2,41.1,4.1,41.3,35.5,19.1,6.8,39.7,31.0,80.3,53.3,16.6,29.9,51.6,9.9,20.5,23.3,6.5,5.0,7.6,12.7,-1.9,21.3,4.4,41.8,35.8,82.4,4.3,8.8,16.9,2.3,20.5,20.4,6.8
Central African Republic,CAF,2011,14.6,16.8,41.4,8.9,72.7,10.1,12.0,25.6,11.1,65.0,42.6,9.6,52.5,73.9,233.4,83.9,25.3,25.3,26.0,46.0,4.8,25.3,23.8,46.1,6.4,53.3,6.4,66.7,45.0,37.5,33.4,76.1,25.1,19.1,7.2,2.7,3.1,5.9,40.6,2.6,18.7,4.3,31.9,28.2,89.8,12.1,12.1,14.6,3.0,31.9,24.3,8.5
Chad,TCD,2018,22.5,21.0,39.6,25.4,58.0,7.3,9.5,27.8,-0.1,84.1,7.2,2.4,31.4,73.3,165.2,77.8,7.3,9.8,12.0,40.9,1.6,60.1,7.6,30.1,2.4,13.1,9.0,80.0,31.0,18.5,25.1,34.8,9.8,8.3,5.0,8.3,10.5,8.0,15.5,-3.2,14.0,3.2,45.6,42.2,82.0,-3.3,8.0,10.8,2.6,27.4,10.3,8.2
China,CHN,2012,9.9,10.9,0.9,1.3,66.0,1.1,0.5,0.8,9.1,91.6,4.3,3.1,39.5,89.6,197.0,77.6,14.7,22.1,25.3,2.9,4.5,45.5,6.6,16.2,6.4,64.2,13.0,57.7,7.4,26.9,2.1,1.8,1.3,22.4,19.6,4.2,15.1,1.2,4.8,-3.3,1.5,2.1,6.3,3.5,59.4,5.4,10.3,21.0,5.4,0.6,2.3,1.2
Colombia,COL,2017,5.0,9.1,62.1,25.3,77.1,1.7,1.9,26.0,7.8,90.6,10.1,0.0,44.5,46.3,165.4,50.5,53.6,52.7,62.4,22.7,39.1,30.6,5.6,65.4,21.1,66.9,17.3,66.1,47.6,23.5,42.4,50.1,1.9,7.5,21.2,3.4,19.5,12.7,2.2,3.3,30.5,3.5,61.0,45.0,22.4,10.5,8.5,11.5,3.5,24.0,37.9,24.8
"Congo, Dem. Rep.",COD,2013,51.0,53.9,57.7,32.6,48.3,5.2,8.3,27.8,5.2,79.1,14.4,0.5,42.8,92.2,152.1,71.9,7.1,8.7,9.4,39.1,0.9,32.7,12.2,13.8,1.9,15.1,8.0,78.4,38.6,37.2,24.8,52.2,7.8,13.5,11.7,6.1,4.7,11.5,19.1,0.2,23.1,10.3,27.9,38.4,92.3,5.9,4.9,8.2,1.7,25.3,26.7,10.4
Cote d'Ivoire,CIV,2016,19.5,22.9,73.6,31.4,46.5,4.2,10.1,64.4,6.4,63.9,28.9,1.0,33.6,72.4,156.8,85.7,23.6,15.3,21.3,69.1,14.9,33.4,17.5,20.0,7.2,24.4,13.0,75.6,66.9,27.3,53.8,62.7,4.9,25.1,16.0,4.7,8.3,4.7,5.0,-16.3,22.0,3.6,62.6,47.6,75.9,-12.1,6.2,11.3,2.7,45.4,37.4,16.6
Croatia,HRV,2013,3.7,0.0,18.4,11.5,28.0,1.1,1.7,7.2,2.9,91.1,8.7,1.5,63.9,71.1,192.6,86.6,28.5,37.8,53.1,22.1,20.2,48.2,27.2,29.9,10.2,36.3,16.5,47.0,17.7,3.5,5.5,5.1,0.4,20.9,11.1,2.9,27.2,4.4,0.4,-6.4,5.8,2.9,44.2,21.1,36.1,-4.0,21.1,26.4,10.5,8.2,7.5,11.5
Croatia,HRV,2019,7.3,12.6,12.1,12.9,28.3,0.4,1.4,6.2,2.1,95.4,4.7,0.4,47.7,85.6,197.6,98.1,13.5,31.2,36.6,6.1,9.5,68.3,3.2,7.1,9.2,31.7,16.8,17.1,7.4,0.3,4.8,5.3,0.8,1.7,2.7,9.9,47.8,2.6,0.0,0.1,4.3,1.6,39.8,7.0,22.7,2.1,17.8,26.6,7.5,4.5,13.3,7.8
Cyprus,CYP,2019,0.1,0.0,20.7,13.5,95.6,1.4,6.2,13.0,5.2,97.9,2.9,0.4,51.1,77.7,229.9,91.1,21.4,42.2,69.4,20.3,12.7,65.8,15.8,32.4,20.1,45.1,7.7,44.0,35.1,3.1,9.7,42.1,1.7,9.1,31.2,2.9,4.0,1.4,12.3,6.9,14.5,2.0,19.0,15.4,11.1,11.9,6.2,9.1,3.5,4.8,24.0,6.4
Czech Republic,CZE,2013,1.7,0.7,15.7,10.4,56.1,1.3,1.8,9.2,1.1,84.9,16.7,0.0,64.8,65.5,157.9,75.4,34.7,46.6,55.8,15.1,18.5,62.5,6.4,24.2,14.7,30.4,7.9,35.0,23.6,1.9,27.8,47.7,1.0,17.1,19.4,5.5,16.1,4.7,5.0,3.5,5.1,1.6,35.1,17.9,58.4,3.6,37.3,44.4,16.0,4.2,19.9,9.7
Czech Republic,CZE,2019,1.5,0.0,11.5,8.3,65.2,0.8,0.9,9.2,2.1,94.6,6.7,0.0,66.2,77.1,157.4,61.4,34.0,29.4,44.6,13.9,18.8,70.2,0.9,11.0,8.7,29.9,16.0,24.6,16.3,3.9,26.9,44.1,0.3,4.2,9.2,8.8,13.6,1.4,1.6,1.7,4.2,2.3,30.1,14.3,37.6,3.8,25.4,30.2,11.5,9.0,31.8,13.6
Djibouti,DJI,2013,8.4,3.4,39.2,16.8,49.8,4.2,4.4,10.2,6.4,88.7,12.8,0.9,39.5,79.7,227.9,84.1,24.3,25.2,30.5,11.8,13.8,74.6,0.0,6.1,11.5,22.3,7.2,22.2,21.5,21.4,13.8,47.3,4.6,1.9,4.0,1.3,12.4,12.6,48.8,-3.1,12.2,1.4,25.2,20.0,48.0,0.1,14.9,21.2,8.7,21.8,18.8,14.5
Dominican Republic,DOM,2016,11.0,11.9,32.0,25.0,47.7,2.9,6.6,32.4,6.2,96.4,4.6,0.0,35.4,54.6,173.8,47.1,38.6,45.8,50.8,14.3,28.3,62.2,1.5,43.5,20.6,32.2,13.4,61.1,48.4,23.3,13.8,37.6,3.1,5.2,8.7,4.7,11.2,18.6,14.9,0.7,6.6,2.1,39.7,32.0,20.3,7.9,5.4,8.5,2.8,15.2,31.4,15.5
Ecuador,ECU,2017,4.5,3.5,49.4,18.9,68.2,1.8,2.3,18.0,1.5,90.2,12.0,0.0,48.2,54.7,204.1,58.1,35.6,40.2,59.6,13.3,18.2,35.9,5.4,63.6,15.5,70.4,17.7,67.1,41.9,4.6,21.6,27.4,1.1,10.7,15.5,4.9,7.8,6.2,2.9,-2.4,23.5,3.5,40.9,32.7,17.5,-1.4,3.2,8.2,1.9,26.0,22.3,25.3
"Egypt, Arab Rep.",EGY,2013,15.6,9.4,59.0,4.7,20.4,4.4,11.4,34.6,-1.3,93.4,7.2,0.2,14.2,89.1,272.5,92.4,8.9,6.3,6.0,28.5,5.2,69.9,42.2,19.6,2.0,16.1,3.9,47.9,32.6,20.9,13.6,35.7,7.7,10.4,4.4,1.2,3.9,5.5,9.2,-11.0,17.2,2.1,20.4,14.9,72.8,-12.2,7.4,10.0,3.8,8.8,11.7,13.3
"Egypt, Arab Rep.",EGY,2016,13.6,13.2,68.2,24.0,30.9,3.3,17.0,10.3,-0.6,95.5,4.9,0.6,14.8,82.1,158.2,98.5,14.6,2.4,6.6,23.4,7.9,70.5,20.9,20.5,0.9,17.8,2.4,43.0,22.7,13.6,17.8,18.8,4.3,13.2,3.1,1.9,8.7,6.6,5.9,5.1,34.1,3.2,47.8,29.4,84.6,5.7,7.8,9.2,4.5,20.1,19.0,19.8
"Egypt, Arab Rep.",EGY,2020,4.7,4.6,34.8,8.0,9.4,2.0,3.6,11.8,3.8,91.6,4.6,0.1,6.2,90.7,215.8,95.4,10.3,4.8,4.4,18.3,6.7,71.6,17.6,15.5,1.6,5.2,2.3,39.1,21.1,16.3,13.0,20.2,0.2,8.4,8.7,6.3,24.4,14.6,3.1,-12.5,13.8,2.6,24.4,18.1,76.0,-8.9,6.3,7.5,2.9,15.3,10.8,6.8
El Salvador,SLV,2016,2.3,0.7,48.1,26.5,80.2,4.1,3.3,48.5,1.5,87.1,11.7,1.9,30.8,62.3,205.1,75.7,25.2,35.2,40.2,20.7,20.0,54.0,1.7,50.7,14.5,38.4,24.2,67.7,40.0,4.2,16.0,19.1,1.1,5.4,18.8,0.9,10.0,3.9,1.3,1.5,22.2,2.1,28.6,21.3,40.5,2.7,8.6,12.8,2.9,18.4,25.6,7.4
Estonia,EST,2013,0.0,0.0,2.1,0.6,71.1,0.6,1.2,2.2,3.8,86.6,14.7,0.0,64.2,77.0,138.9,79.9,32.5,25.1,37.9,5.2,20.1,62.7,13.7,39.8,6.8,38.3,14.6,32.1,9.7,1.3,5.4,13.6,0.1,12.4,22.7,2.0,27.0,0.0,7.2,5.2,0.5,2.7,15.7,3.6,21.1,6.9,28.5,39.2,14.3,1.5,4.1,0.6
Estonia,EST,2019,0.0,0.0,4.4,2.6,76.2,0.5,1.1,3.2,4.3,88.3,12.3,0.0,58.8,73.7,197.2,70.2,30.3,26.2,39.3,8.6,17.9,65.8,13.3,29.3,5.9,35.5,16.2,29.9,18.0,1.7,10.4,14.4,0.1,8.0,20.4,0.4,19.3,0.5,2.1,0.7,2.4,1.9,24.2,6.6,23.5,4.5,31.0,37.8,16.0,4.6,15.9,5.3
Eswatini,SWZ,2016,5.3,6.6,30.4,5.4,76.6,10.7,7.1,30.8,7.0,81.3,19.8,1.1,39.1,56.2,285.5,64.3,30.4,32.0,26.7,10.0,12.7,41.6,0.0,22.9,8.9,36.0,16.9,73.5,32.9,29.2,5.8,4.2,7.0,5.8,12.2,3.2,13.8,17.8,13.4,-5.6,10.2,3.7,26.0,7.2,68.9,0.7,10.5,14.6,2.2,11.3,6.2,2.9
Ethiopia,ETH,2011,4.3,3.8,7.1,2.8,44.4,1.9,2.9,1.7,14.7,96.0,5.1,0.1,36.5,86.3,234.0,85.3,16.6,13.6,15.8,31.1,8.2,35.5,14.9,3.0,5.4,35.3,7.2,37.3,11.3,21.7,10.2,23.1,4.3,33.2,4.5,7.1,7.1,2.7,12.2,-7.7,3.0,2.3,23.4,22.6,56.7,5.3,3.9,6.4,2.4,19.7,4.3,1.5
Ethiopia,ETH,2015,19.8,17.4,27.9,7.5,55.3,1.1,3.4,2.4,9.0,95.9,6.5,0.4,37.2,83.3,296.2,85.8,12.9,16.4,32.8,20.3,7.8,32.8,15.1,7.4,8.7,36.2,16.5,23.1,19.3,48.9,8.3,33.3,6.9,40.4,5.8,6.6,7.6,7.1,10.1,-8.7,6.4,3.7,22.8,17.1,42.8,0.2,7.2,8.5,5.9,13.5,3.4,0.9
"Gambia, The",GMB,2018,6.7,5.6,15.8,7.4,33.1,6.3,7.0,8.2,9.3,87.9,15.0,0.2,54.9,84.6,224.4,92.5,10.1,13.7,10.6,63.3,3.2,15.6,6.8,21.0,3.9,16.8,12.3,71.1,34.7,41.1,20.9,69.0,14.2,53.1,3.6,0.0,6.8,0.4,20.8,-2.3,10.1,4.4,43.3,19.3,85.9,8.3,6.2,12.5,3.0,19.4,19.1,4.5
Georgia,GEO,2013,0.9,0.2,3.8,4.0,50.5,2.1,3.5,4.8,8.2,95.4,6.0,0.6,38.7,74.3,247.8,96.6,23.6,28.0,37.9,19.9,15.0,60.9,4.9,10.0,14.8,36.1,20.4,56.3,14.3,1.8,11.7,28.7,1.9,21.4,7.9,4.2,16.7,0.5,2.1,3.2,0.0,3.5,28.7,6.1,26.5,8.4,2.5,5.1,1.5,3.2,13.0,0.8
Georgia,GEO,2019,0.6,1.0,11.3,4.6,70.8,1.9,1.3,13.2,6.9,83.6,6.9,0.0,49.5,69.8,194.2,80.5,34.5,31.5,43.3,22.4,19.8,57.2,12.7,24.0,15.2,22.4,11.5,22.4,13.2,2.5,21.2,38.2,0.5,26.4,2.4,0.6,5.7,1.0,2.9,-4.7,6.8,2.2,17.3,7.8,22.3,-1.3,11.9,15.2,7.0,7.7,42.5,4.2
Ghana,GHA,2013,14.7,11.4,43.5,9.7,52.3,3.5,7.8,9.9,5.7,85.2,15.9,0.3,49.6,76.0,240.0,79.5,21.2,25.3,23.3,62.2,12.6,22.5,9.4,36.5,10.6,31.6,14.7,69.4,29.5,21.5,22.0,61.2,15.8,49.5,2.9,1.3,5.3,3.9,18.7,4.9,16.5,3.0,52.2,38.2,87.9,9.2,8.0,17.3,3.8,25.1,15.3,3.6
Greece,GRC,2018,2.3,1.7,43.2,30.1,59.9,0.8,1.1,24.9,4.3,92.5,7.0,0.0,50.1,89.1,171.5,74.9,8.3,16.8,35.5,35.9,5.0,64.8,15.3,29.0,5.3,45.9,16.5,41.9,27.3,1.8,26.4,44.9,0.3,16.1,1.8,5.6,40.3,2.1,0.3,0.2,27.9,2.3,85.8,63.2,39.2,4.3,15.7,20.1,7.5,13.0,45.8,36.7
Guatemala,GTM,2017,1.5,0.3,69.0,38.2,64.5,2.8,4.0,38.0,2.8,92.1,9.0,0.1,41.7,58.0,190.1,66.6,37.6,30.0,42.4,13.0,25.5,54.4,2.7,38.9,10.2,31.5,18.4,77.1,48.3,7.0,19.2,11.7,1.4,5.2,17.4,3.7,1.1,22.8,4.0,-0.7,12.7,3.8,18.3,14.0,47.3,1.5,6.2,9.6,2.2,17.9,32.5,11.9
Guinea,GIN,2016,6.0,6.9,31.3,18.9,52.2,5.0,9.6,36.4,11.0,91.7,7.3,0.0,27.2,92.4,197.0,100.0,9.2,11.4,3.9,30.4,2.8,54.8,14.8,13.5,3.9,9.0,5.3,75.7,38.8,26.6,36.8,32.1,4.7,6.5,3.0,3.4,9.7,5.7,4.4,-0.3,7.9,2.9,36.1,37.2,76.2,10.6,1.7,8.0,1.4,42.2,14.9,12.8
Honduras,HND,2016,6.0,3.9,64.5,51.5,64.1,4.5,7.2,29.7,0.9,91.6,8.3,1.3,42.2,55.9,223.2,72.8,37.4,38.1,44.6,40.7,26.1,34.0,5.9,59.4,17.0,54.7,26.5,72.5,47.9,20.0,26.5,34.5,3.7,18.3,16.0,3.4,11.2,7.1,3.3,-2.0,48.9,2.1,66.7,49.8,43.1,0.2,5.8,10.6,2.6,31.2,35.1,21.3
Hungary,HUN,2013,1.3,0.0,10.8,1.0,36.4,5.7,0.9,4.2,-0.8,93.8,7.2,0.3,33.3,72.8,181.8,78.5,25.0,28.8,39.1,9.6,17.6,47.3,8.8,40.0,10.6,48.7,11.8,16.1,10.4,16.6,5.8,11.6,1.6,10.7,11.3,10.2,28.6,3.3,3.0,4.4,3.3,1.8,28.4,17.9,57.4,2.1,12.7,17.9,5.8,2.2,10.1,5.6
Hungary,HUN,2019,3.0,2.5,5.2,1.4,71.9,0.9,1.3,2.2,3.7,95.3,4.9,0.0,53.8,78.4,153.8,61.2,30.7,31.5,52.0,0.9,14.3,67.5,1.1,18.9,8.2,51.9,15.3,13.7,8.2,2.3,3.6,12.4,0.2,3.1,11.1,9.2,26.9,0.3,0.3,1.1,2.7,2.2,20.3,11.3,34.5,5.1,18.2,21.9,8.2,1.1,21.2,4.2
India,IND,2014,19.6,15.3,35.8,8.7,52.3,1.9,2.7,4.6,5.2,98.9,1.3,0.2,24.9,71.8,255.1,84.7,30.3,36.4,21.3,15.1,18.1,50.1,12.9,24.7,17.8,10.7,2.8,50.1,17.3,8.8,9.6,21.3,3.7,11.7,12.1,3.7,13.0,19.9,15.3,-3.1,11.5,3.1,23.9,12.2,35.3,2.0,6.9,8.8,3.7,8.1,9.4,11.2
Indonesia,IDN,2015,27.1,21.6,13.6,3.5,25.8,3.3,9.2,14.2,0.5,91.0,4.4,0.1,11.1,66.0,241.1,80.4,36.6,32.0,27.4,16.5,12.8,42.8,0.1,31.1,9.9,22.1,18.2,65.0,19.5,16.5,15.8,14.5,1.9,6.3,36.7,1.2,14.3,2.5,0.8,-0.7,6.6,1.5,9.1,8.0,11.9,-0.4,6.4,10.0,3.5,11.5,10.8,9.9
Iraq,IRQ,2011,33.8,29.2,62.3,14.0,17.7,3.9,10.0,35.2,8.5,98.7,0.2,0.0,25.2,86.7,158.8,49.5,2.7,4.6,3.8,46.2,1.5,0.0,28.5,32.9,1.0,6.8,13.0,49.3,46.1,46.9,40.2,53.6,8.8,4.7,16.7,1.3,4.6,2.9,19.7,-49.2,39.8,2.0,40.0,29.5,54.2,-44.1,0.6,0.8,0.4,23.4,34.2,26.2
Israel,ISR,2013,0.0,0.0,2.7,0.7,55.7,0.8,1.2,1.7,5.0,96.3,4.9,0.2,37.6,63.8,120.9,56.7,46.4,34.3,55.1,3.0,31.6,59.9,0.3,15.4,16.6,27.3,3.1,17.4,4.3,0.4,5.7,5.9,0.1,4.7,3.0,1.7,20.7,0.5,0.7,-1.9,10.4,1.1,16.4,3.3,52.2,2.8,12.7,14.0,6.4,6.5,12.2,1.1
Italy,ITA,2019,11.7,4.2,12.4,7.9,21.0,3.5,3.6,11.6,2.8,97.5,1.9,0.0,14.5,57.9,105.3,57.3,52.5,27.8,23.4,11.9,19.0,57.8,11.5,53.2,6.3,24.0,11.5,22.2,10.9,43.3,17.5,16.2,1.2,5.4,3.9,19.3,20.0,2.8,5.8,1.9,14.9,1.3,30.4,25.3,9.4,4.1,11.9,18.5,4.2,7.5,13.6,17.1
Jordan,JOR,2013,10.4,14.4,20.8,8.3,12.4,3.6,15.8,3.4,3.9,96.2,5.1,0.2,20.4,64.6,127.0,89.6,46.8,26.1,16.7,42.8,25.0,48.9,5.6,27.5,9.3,15.7,3.8,20.6,11.2,30.2,6.1,8.7,2.3,31.2,3.3,1.1,23.2,4.6,1.8,-8.4,10.5,2.0,28.1,13.4,62.1,-5.2,25.0,31.5,10.9,15.0,9.5,13.0
Jordan,JOR,2019,1.4,0.6,30.4,9.8,50.0,1.3,1.1,35.4,-1.4,66.6,5.4,0.0,14.3,59.5,274.0,83.9,39.2,20.0,15.4,17.4,15.4,64.2,29.6,36.0,11.3,22.6,8.1,48.6,25.0,12.4,30.5,46.4,0.3,2.2,3.6,2.1,28.0,15.7,12.7,-7.3,11.0,1.7,22.9,47.5,83.9,-6.1,23.2,27.3,11.8,25.7,8.5,3.0
Kazakhstan,KAZ,2013,21.9,21.8,21.4,2.9,70.0,3.0,3.5,7.6,4.0,96.6,3.6,0.2,32.5,83.5,189.7,86.6,14.0,13.1,19.0,9.6,7.6,51.8,34.3,20.3,5.7,29.6,15.8,33.9,15.5,3.3,8.0,14.6,1.5,10.3,15.5,1.5,10.8,19.0,9.6,-19.6,4.9,2.5,11.2,5.5,33.0,-15.0,1.6,3.4,0.8,5.3,14.0,1.9
Kazakhstan,KAZ,2019,7.5,11.9,12.0,4.9,84.7,3.1,4.1,10.8,7.4,98.9,1.4,0.1,28.3,78.4,158.3,79.3,14.0,13.2,17.2,12.3,6.3,63.7,22.5,20.7,4.7,30.5,23.8,39.2,23.9,8.6,9.2,21.9,1.7,7.2,16.4,1.1,18.3,6.9,7.3,-2.4,7.7,2.3,14.6,5.6,30.9,3.2,3.9,5.7,2.0,4.9,33.0,3.0
Kenya,KEN,2013,16.7,17.4,21.3,30.3,82.3,4.5,5.0,21.2,2.3,89.2,10.0,2.5,43.8,61.4,188.4,74.0,43.2,41.1,35.6,17.2,23.9,48.6,4.5,39.8,15.0,48.7,8.6,59.3,26.9,14.0,21.6,22.2,7.0,9.6,23.9,2.8,9.4,12.3,9.6,-23.1,18.7,2.2,18.1,13.8,70.6,-21.5,21.2,32.8,10.9,22.8,29.7,20.8
Kenya,KEN,2018,15.8,20.9,41.6,9.4,79.6,4.4,4.9,7.9,5.6,91.7,9.8,0.1,33.8,67.7,252.7,81.4,31.6,36.2,33.9,29.1,20.7,43.1,3.7,40.4,14.0,47.5,13.2,68.8,36.6,17.8,14.3,21.0,5.4,18.3,22.9,4.1,13.4,7.7,3.0,-5.9,15.4,2.7,36.1,22.1,60.1,-1.1,12.2,16.3,5.5,17.4,8.2,4.0
Kosovo,XKX,2013,3.6,3.1,51.0,13.7,84.2,3.2,3.3,45.8,8.6,99.3,0.7,0.0,73.4,71.9,275.2,89.9,33.3,55.8,67.4,39.8,17.1,48.1,5.3,3.1,21.9,13.2,7.0,60.8,56.6,12.8,21.6,48.4,9.8,15.7,26.0,2.7,6.7,9.6,9.9,-0.9,5.9,2.8,33.1,30.6,92.1,6.0,12.0,19.1,4.5,28.2,22.9,2.0
Kosovo,XKX,2019,1.9,1.8,56.1,42.8,57.3,13.1,10.5,45.7,1.4,99.3,1.3,0.1,35.9,68.1,269.1,90.1,34.2,53.1,40.2,47.1,10.7,55.4,3.7,24.7,16.9,7.3,5.1,18.7,63.4,7.0,37.0,62.6,3.7,6.1,25.5,7.6,9.5,7.9,15.3,9.9,32.3,2.6,43.9,38.6,82.9,10.0,20.7,28.0,6.5,36.6,44.2,35.5
Kyrgyz Republic,KGZ,2013,50.7,51.9,60.2,6.8,71.5,3.2,4.1,18.9,2.7,81.6,24.5,1.1,44.9,80.5,194.8,84.7,15.8,21.2,28.9,26.2,7.5,41.3,4.0,7.9,8.5,51.2,17.3,44.5,26.9,7.9,16.1,35.8,4.2,5.3,18.6,0.5,8.4,11.5,2.5,-10.4,5.9,2.3,28.1,20.2,91.4,-6.5,9.5,15.6,5.0,12.0,34.6,2.2
Kyrgyz Republic,KGZ,2019,27.0,28.7,35.0,17.7,78.3,3.0,5.9,27.8,2.3,84.4,19.4,0.6,40.8,87.3,244.3,93.6,16.7,18.8,25.8,16.7,7.2,69.1,7.0,7.3,6.4,45.0,26.9,51.4,39.0,2.9,13.7,31.1,1.1,8.2,23.7,1.9,6.2,17.5,2.1,-1.5,9.1,2.4,17.4,14.6,82.4,1.2,9.9,16.7,5.9,15.3,33.2,0.6
Lao PDR,LAO,2012,23.0,23.5,17.6,8.2,56.8,3.2,2.7,14.5,0.7,91.9,9.0,0.8,47.3,81.0,197.0,88.9,20.6,28.7,32.6,9.5,9.3,48.8,5.9,16.3,11.1,41.9,13.0,42.3,10.3,21.0,8.8,16.6,2.5,13.1,17.6,6.4,14.7,4.9,4.0,0.3,3.4,4.4,14.2,9.2,92.9,0.5,18.6,27.9,14.1,12.4,16.4,1.2
Lao PDR,LAO,2016,14.6,13.7,2.2,0.8,27.4,3.0,1.9,0.2,-0.5,92.6,7.3,0.4,17.0,81.2,275.9,96.2,15.9,8.3,12.4,5.7,10.6,52.1,4.3,5.3,3.7,43.1,43.0,77.2,39.8,71.8,23.4,23.3,2.6,4.9,26.7,0.9,22.1,3.2,13.0,-24.2,2.0,5.0,33.4,2.8,91.5,-24.5,2.9,5.7,1.5,7.6,22.9,3.8
Lao PDR,LAO,2018,35.8,35.2,8.2,7.0,27.5,1.9,2.3,4.9,0.6,90.2,9.5,1.1,32.7,88.7,225.1,93.2,8.6,23.1,27.4,17.4,6.4,49.8,9.6,3.8,11.7,36.5,35.5,39.9,18.0,3.6,7.9,17.6,0.9,35.2,16.6,0.7,8.4,0.3,11.6,-5.5,9.7,2.8,8.0,6.1,85.4,-3.3,11.1,12.7,6.1,11.4,11.8,0.2
Latvia,LVA,2013,1.5,0.6,12.5,3.9,65.1,1.3,1.1,8.5,8.1,89.8,10.7,0.2,41.2,75.0,290.9,65.6,10.1,12.0,21.6,13.3,8.3,75.2,34.2,28.5,5.0,41.6,25.4,27.1,17.5,8.6,13.1,23.1,0.3,13.3,6.6,8.0,39.9,4.2,0.3,-0.8,3.0,2.0,48.1,9.5,37.5,5.2,22.6,27.8,12.2,4.4,26.0,3.8
Latvia,LVA,2019,0.6,0.0,17.3,6.9,76.8,0.9,0.9,2.5,0.4,83.1,17.0,2.0,60.3,78.6,176.2,79.9,20.0,26.5,35.2,11.0,10.0,63.6,3.6,36.4,5.8,46.6,20.7,37.4,22.0,1.6,12.9,15.8,0.4,5.1,11.7,4.8,36.1,2.4,1.3,0.5,6.0,1.6,44.9,23.3,16.6,0.4,27.6,31.3,12.8,5.5,37.3,7.5
Lebanon,LBN,2013,14.3,14.6,61.4,8.7,21.8,1.1,5.4,33.0,1.6,98.0,2.7,0.0,44.4,61.7,207.7,68.7,53.1,40.2,57.3,41.5,32.9,45.0,7.7,12.8,17.3,43.5,5.3,57.1,36.9,47.6,14.7,55.1,7.0,6.6,2.0,1.6,4.4,6.7,11.1,-3.1,7.3,1.8,27.4,14.2,37.0,-2.8,29.6,39.1,11.3,25.9,15.3,7.2
Lebanon,LBN,2019,18.8,19.3,77.9,12.1,21.1,1.1,9.1,2.6,-3.6,97.6,1.2,0.0,13.8,73.8,173.0,87.1,38.9,44.5,39.4,47.8,23.8,44.9,7.2,2.5,25.9,9.9,4.7,56.3,45.5,48.8,7.2,32.2,0.7,28.7,6.5,0.0,6.6,12.1,5.0,-6.6,7.3,1.6,41.0,12.9,35.0,-10.5,19.4,23.9,7.7,22.3,9.9,3.3
Lesotho,LSO,2016,9.8,15.7,50.7,21.8,65.8,8.4,17.3,33.2,4.2,86.4,15.0,0.3,26.6,41.0,105.8,97.8,51.8,34.9,18.7,32.8,18.8,49.9,2.2,24.1,12.4,39.1,25.4,68.1,50.1,25.7,32.4,24.8,2.5,8.1,16.6,1.0,19.5,1.8,4.8,-5.7,29.3,1.7,38.1,39.3,66.8,-1.5,9.8,21.4,5.6,27.9,15.9,14.2
Liberia,LBR,2017,41.5,41.7,49.9,23.5,51.3,7.8,9.3,27.3,19.8,66.3,23.0,0.0,56.3,72.1,171.8,82.9,19.4,20.1,18.9,38.8,10.9,34.2,8.7,12.3,8.4,37.4,15.6,68.7,43.1,54.4,35.6,60.3,6.1,29.9,4.4,4.0,14.2,5.4,22.5,9.1,27.6,4.9,38.4,38.6,81.9,27.8,3.1,4.8,0.9,29.3,14.9,6.4
Lithuania,LTU,2013,7.9,7.8,24.7,5.2,51.9,0.9,4.6,16.2,3.7,93.4,8.6,2.1,57.2,60.9,190.2,75.7,30.5,26.6,35.1,16.4,20.5,49.6,25.1,46.2,7.7,35.7,17.8,55.8,31.1,14.0,17.3,33.9,0.3,15.3,19.4,2.6,29.8,1.7,2.0,6.1,5.5,1.3,44.6,19.0,37.7,9.0,24.1,32.0,13.6,5.0,37.5,11.4
Lithuania,LTU,2019,0.1,0.0,7.8,3.8,71.6,0.7,0.9,6.9,0.3,92.7,8.3,0.0,47.1,74.3,163.6,67.1,17.5,20.9,29.1,10.9,13.0,65.2,15.9,21.0,6.7,43.1,18.4,47.3,22.2,3.6,10.4,25.3,1.1,6.5,12.4,2.0,41.5,1.3,3.3,6.7,6.3,1.4,42.4,13.6,16.3,7.3,20.7,27.0,11.0,1.9,23.1,3.9
Luxembourg,LUX,2020,0.0,0.0,3.4,2.1,64.7,1.3,1.8,9.7,5.6,55.7,49.9,0.0,63.0,60.7,117.6,48.3,33.8,30.3,48.7,11.8,24.8,62.7,0.0,12.7,12.6,40.5,8.3,14.0,12.9,20.3,12.6,30.8,0.0,7.0,9.8,1.0,5.7,0.0,3.0,0.7,1.5,1.2,9.7,2.1,23.7,5.7,44.9,47.8,24.1,3.8,30.0,7.5
Madagascar,MDG,2013,32.0,31.7,30.2,13.3,53.8,3.3,5.3,11.15,0.1,80.6,20.3,0.3,29.4,81.1,197.0,82.1,13.0,19.1,14.5,12.6,4.3,43.2,4.1,38.2,6.2,41.6,20.7,71.7,18.7,32.2,10.9,25.5,13.6,5.5,2.7,4.8,6.1,4.9,15.5,2.1,5.8,1.5,15.6,9.7,56.1,-0.8,16.8,20.8,13.5,13.4,10.5,4.6
Malawi,MWI,2014,20.2,18.3,30.1,7.3,70.1,4.9,8.5,20.7,3.0,73.6,20.6,2.3,37.8,65.8,293.6,92.6,30.3,29.2,26.7,34.9,13.8,32.2,28.0,32.1,10.0,28.1,11.4,71.7,30.1,27.3,15.7,24.8,7.2,29.9,7.6,1.2,10.1,10.7,14.2,-12.1,11.2,2.8,35.6,21.1,73.3,-9.6,7.9,11.6,2.4,26.8,11.9,4.6
Malaysia,MYS,2015,21.9,23.7,12.4,16.7,22.1,8.3,8.5,13.3,2.8,89.0,4.6,0.4,6.7,67.2,182.6,64.7,35.3,42.6,31.9,12.0,15.7,49.3,0.0,39.3,16.7,25.4,10.4,39.8,14.5,20.7,14.1,9.4,1.8,0.9,29.9,9.0,9.5,8.2,2.1,-0.3,14.7,1.4,20.1,21.9,21.6,0.3,11.2,19.4,5.0,19.1,12.2,9.2
Mali,MLI,2016,27.1,32.1,70.6,43.8,55.0,4.3,4.0,57.1,3.5,67.0,28.3,5.0,53.6,75.0,233.2,86.2,55.1,51.7,26.3,63.5,19.0,21.2,10.5,19.4,15.0,15.3,9.1,79.5,63.7,15.6,51.0,67.9,8.8,20.0,16.3,1.9,0.6,15.6,7.5,7.1,39.4,2.9,35.8,39.0,77.6,10.1,9.5,13.9,1.9,50.8,44.7,46.5
Malta,MLT,2019,2.1,0.0,11.3,8.6,51.6,0.7,1.6,5.8,3.3,91.6,8.2,1.0,60.3,69.0,188.6,81.4,28.9,61.8,48.8,10.4,20.7,74.9,8.4,32.1,32.7,46.0,5.8,26.8,19.5,1.2,33.3,36.7,0.5,8.6,12.0,0.0,4.5,1.8,3.2,-0.2,5.3,1.7,13.9,3.9,13.5,3.1,20.2,24.5,15.0,7.6,33.3,8.1
Mauritania,MRT,2014,22.2,20.4,58.6,40.2,73.9,4.3,7.8,21.4,6.7,91.0,12.4,2.1,65.9,77.1,110.8,75.7,12.8,29.4,32.8,52.4,9.0,30.1,14.1,11.4,14.9,15.0,2.2,78.5,53.2,17.2,45.9,57.9,2.4,31.3,14.3,4.4,6.2,2.8,14.3,-2.6,32.0,2.4,49.4,46.2,71.8,4.7,18.4,23.5,15.3,37.0,39.3,29.4
Moldova,MDA,2013,23.8,20.0,35.3,5.0,75.4,3.4,2.6,5.7,-0.6,93.9,7.7,3.5,32.1,70.4,167.1,95.3,29.4,35.4,34.0,8.5,10.5,53.1,17.6,16.4,13.7,54.1,24.2,30.9,16.5,5.4,15.6,18.5,0.5,6.0,4.3,0.7,7.1,31.1,5.9,-14.8,3.4,2.6,14.2,5.2,70.0,-15.0,5.6,10.6,2.1,10.0,35.5,4.5
Moldova,MDA,2019,9.0,9.7,27.4,30.6,62.7,1.4,2.3,14.7,-2.0,90.9,5.7,1.7,38.7,82.9,221.2,90.4,13.8,23.4,23.6,29.4,10.7,38.6,37.0,28.4,9.0,39.9,17.6,41.0,34.6,9.5,14.7,22.1,1.1,10.4,13.2,0.5,14.5,8.3,2.5,0.1,16.8,2.4,39.3,31.6,62.0,-1.4,12.1,15.4,6.4,13.8,33.5,10.0
Mongolia,MNG,2013,23.2,20.5,12.1,3.8,66.4,3.3,3.4,6.5,7.3,94.0,6.8,0.1,55.3,77.5,235.6,98.0,22.4,39.9,44.6,27.2,11.2,27.3,9.5,14.9,17.0,36.1,20.4,40.9,15.2,41.6,10.0,10.4,2.6,19.8,5.9,2.9,18.8,5.6,3.0,-20.4,19.3,2.5,30.4,6.9,64.9,-14.1,4.2,7.3,3.3,21.1,22.3,3.0
Mongolia,MNG,2019,18.3,16.0,34.7,2.3,61.8,2.9,1.1,1.7,6.5,92.9,8.4,0.0,26.6,68.6,238.6,99.7,47.9,37.5,39.3,36.8,25.6,17.0,22.1,29.0,14.4,43.7,32.7,22.3,12.0,14.0,2.7,12.4,0.2,15.9,4.2,1.4,17.2,9.1,0.3,-2.3,17.6,2.5,34.9,12.4,55.6,4.3,3.5,4.0,2.0,7.8,11.2,1.5
Montenegro,MNE,2013,13.0,15.3,6.5,2.9,24.2,2.6,4.6,5.2,1.7,96.4,3.9,0.0,32.8,60.6,235.6,92.6,34.6,42.8,56.6,11.4,15.2,45.0,15.9,54.0,15.6,25.6,10.0,54.7,20.9,2.5,3.1,10.5,1.2,9.4,19.0,3.0,33.8,2.6,6.2,-5.1,1.7,3.7,12.4,4.8,75.2,-1.8,10.6,16.8,3.9,5.2,0.8,3.5
Montenegro,MNE,2019,18.5,22.8,4.7,0.0,20.7,1.3,0.9,1.2,2.2,95.5,5.0,0.2,39.4,70.7,208.8,61.6,15.8,26.0,39.4,10.5,5.2,51.5,0.4,51.7,8.4,24.0,14.8,57.5,25.2,1.9,1.8,10.8,2.4,10.7,35.5,1.7,16.7,6.5,1.7,-5.0,2.7,3.3,23.0,10.4,66.9,-0.8,6.5,6.5,2.5,6.5,16.3,0.7
Morocco,MAR,2013,29.5,28.7,53.1,27.6,39.5,1.7,4.0,18.4,5.6,89.8,12.0,0.5,43.2,63.7,165.7,84.0,34.8,49.3,51.9,27.7,23.4,62.3,6.1,27.3,20.6,31.3,3.5,47.3,45.8,26.5,26.9,24.5,0.8,9.8,12.4,3.0,8.8,20.6,2.4,1.1,14.0,1.5,31.5,24.9,21.7,6.5,11.9,19.3,7.7,25.0,31.8,12.3
Morocco,MAR,2019,12.9,10.0,46.2,31.4,38.2,13.0,11.1,35.1,5.8,83.1,19.4,4.8,16.3,54.2,63.4,71.8,43.9,45.0,21.3,28.4,8.3,37.7,5.7,34.5,13.2,16.1,2.6,47.2,41.7,48.3,27.0,34.4,7.9,4.3,9.1,14.2,15.2,15.5,6.3,7.4,30.0,1.6,40.5,36.2,50.6,13.3,19.9,31.4,6.7,27.7,30.2,22.7
Mozambique,MOZ,2018,14.9,13.5,32.4,8.0,64.7,9.1,8.0,25.2,4.7,62.5,23.0,0.7,40.7,80.4,271.7,90.0,11.4,9.0,10.0,17.3,4.9,45.8,21.2,20.7,2.9,28.3,17.4,58.0,24.6,16.8,17.1,26.5,3.2,14.8,10.4,0.7,7.9,16.0,8.4,-2.6,11.2,2.7,17.9,9.2,76.7,1.8,12.2,15.4,5.6,10.2,9.7,2.1
Myanmar,MMR,2014,35.4,37.1,9.3,9.2,23.2,2.2,0.9,1.5,4.3,99.3,0.8,0.0,46.0,91.6,224.3,94.8,2.8,4.7,7.2,21.3,1.4,56.5,12.9,6.9,1.6,27.3,18.7,31.2,2.6,22.9,12.4,23.5,2.5,24.1,1.1,2.5,3.2,0.7,17.9,-2.6,7.3,2.1,9.1,8.8,64.5,2.2,3.8,4.8,3.1,10.4,12.4,6.2
Myanmar,MMR,2016,26.7,20.4,6.3,5.3,37.9,1.7,1.1,5.2,1.0,98.7,1.5,0.0,47.6,91.4,412.9,98.4,7.1,11.2,11.3,9.9,3.2,61.2,3.4,14.8,4.4,35.1,33.5,31.5,6.5,15.4,7.8,6.8,2.5,17.8,4.6,2.2,8.6,0.4,13.4,0.6,2.3,1.8,6.5,5.5,51.3,2.4,4.5,4.8,3.6,7.5,9.6,1.4
Namibia,NAM,2014,6.3,5.3,22.1,2.1,49.9,5.9,12.5,16.4,9.6,74.2,10.2,0.9,40.6,67.6,91.9,82.6,33.5,11.8,21.7,37.2,25.6,47.8,3.5,10.0,6.5,41.0,25.6,41.7,9.2,25.5,25.3,14.2,4.8,47.6,1.4,1.1,1.4,10.2,2.5,-2.4,3.4,2.0,20.2,13.9,35.9,3.7,3.9,9.8,1.9,5.7,3.1,4.3
Nepal,NPL,2013,10.9,10.4,44.7,17.9,36.0,3.4,10.2,13.8,5.5,99.5,0.1,1.4,27.8,70.3,364.2,89.9,17.0,13.7,35.0,40.1,12.8,36.1,6.4,18.9,7.5,21.8,11.7,55.7,31.5,41.3,31.7,68.8,17.0,8.6,3.0,0.1,1.0,0.8,25.6,-4.4,9.9,2.7,11.2,9.2,65.6,0.9,4.3,5.1,1.8,17.7,9.1,2.7
Nicaragua,NIC,2016,4.0,4.8,26.2,18.7,54.0,2.1,3.5,11.6,5.3,90.7,10.7,0.3,44.4,56.1,192.6,90.6,43.4,30.4,47.8,11.0,36.4,47.8,1.0,51.7,10.9,35.8,26.8,72.9,30.7,9.0,10.5,25.1,2.7,12.2,27.3,1.4,2.7,2.5,6.9,-2.6,9.9,3.7,8.0,6.8,66.9,2.9,2.9,8.7,1.2,14.3,17.4,7.9
Niger,NER,2017,6.6,6.1,36.2,6.4,46.0,2.5,4.5,25.8,9.0,84.7,9.6,0.0,45.1,72.8,159.5,87.7,22.1,28.9,27.6,27.4,14.1,38.2,7.3,27.9,12.6,14.5,8.9,85.1,62.5,53.3,19.6,47.9,5.5,15.2,33.3,7.2,4.3,8.0,10.9,-5.3,7.0,3.3,15.4,16.0,63.3,2.5,5.4,13.1,2.7,17.7,21.9,9.0
Nigeria,NGA,2014,26.0,25.9,44.8,4.0,57.7,8.7,13.6,7.0,9.9,70.7,9.2,8.0,29.8,52.5,227.7,88.8,6.9,16.9,11.4,33.1,3.4,49.4,18.1,27.4,3.9,16.2,13.2,46.2,18.4,58.8,17.1,48.4,15.6,30.2,4.3,1.6,5.9,12.7,27.2,-14.2,9.3,3.7,18.5,14.1,68.8,-8.1,15.2,19.5,6.4,14.1,5.7,3.4
North Macedonia,MKD,2013,5.5,4.0,19.0,9.4,37.7,1.2,2.3,11.4,5.8,92.3,8.4,0.4,51.4,78.9,227.8,90.6,29.3,42.8,47.3,24.2,16.0,56.1,3.4,10.9,15.5,27.7,14.9,58.7,40.9,8.6,7.3,26.2,2.9,23.4,28.3,3.9,5.4,2.1,5.7,0.8,7.1,3.6,12.1,10.4,70.5,7.3,14.0,21.5,7.3,7.6,12.7,5.0
North Macedonia,MKD,2019,4.7,3.7,18.3,17.1,43.6,1.2,2.0,14.5,4.2,96.7,3.0,0.0,47.5,82.1,174.5,76.4,35.4,38.6,43.2,14.0,13.9,56.4,8.2,3.0,13.9,29.3,19.6,54.5,38.5,14.3,10.7,25.9,1.9,10.1,13.9,2.1,6.8,3.9,3.0,-0.4,10.2,3.0,16.6,11.8,60.4,3.5,19.4,26.9,11.4,9.0,19.0,3.9
Pakistan,PAK,2013,28.5,28.8,68.3,34.6,51.7,6.5,6.5,34.1,5.4,99.1,1.5,0.4,30.4,87.6,153.4,64.0,8.1,8.6,6.7,13.2,2.0,57.0,13.5,13.7,2.5,11.8,8.0,46.5,13.1,41.4,25.5,75.3,33.8,2.7,0.6,6.8,3.6,17.3,45.3,-5.0,24.5,3.6,54.1,34.1,65.6,-1.0,12.6,18.0,7.9,21.4,24.2,12.9
Papua New Guinea,PNG,2015,19.3,0.0,26.1,10.8,87.3,3.1,4.8,38.7,2.5,35.2,73.3,0.0,72.4,70.6,223.5,75.1,36.6,22.9,45.7,3.2,26.6,44.9,0.0,31.0,16.1,46.5,12.4,72.3,31.9,19.0,27.7,45.5,4.7,8.2,10.7,6.0,2.3,18.0,4.2,-10.6,40.2,1.4,35.2,22.4,43.7,-8.0,4.2,5.7,1.2,24.7,18.9,8.4
Paraguay,PRY,2017,9.3,16.1,42.2,20.7,63.3,2.2,2.3,14.1,4.0,94.1,7.6,0.3,48.2,52.2,190.1,27.8,45.5,41.9,60.5,8.1,25.3,59.3,0.0,33.3,17.5,66.2,18.5,72.3,30.1,19.2,26.7,30.9,2.5,8.4,24.1,0.7,2.2,23.9,5.7,0.6,12.3,2.4,9.8,16.8,31.3,4.6,4.6,6.9,2.6,15.0,29.2,9.9
Peru,PER,2017,11.5,7.0,53.6,25.5,70.8,2.3,2.8,25.7,3.0,93.7,9.0,0.0,52.4,43.8,167.6,47.9,57.1,66.5,77.8,11.4,38.5,21.8,2.4,53.3,30.1,56.6,19.4,75.9,39.1,6.6,28.8,27.5,2.1,3.2,27.6,5.4,1.5,14.5,4.6,-5.2,25.1,2.5,29.7,27.3,57.1,-2.2,12.0,15.4,5.5,10.6,29.4,21.6
Philippines,PHL,2015,12.4,14.1,35.4,12.4,54.9,1.5,1.3,10.9,3.2,90.3,13.7,0.0,28.7,81.2,156.7,51.0,12.4,12.4,29.9,10.7,10.1,68.9,14.8,7.4,5.1,69.2,31.5,30.9,21.0,38.9,21.7,19.6,0.8,10.4,20.0,4.3,9.0,11.5,7.9,2.2,12.6,1.4,26.4,20.8,73.9,5.4,7.1,8.5,4.3,9.8,10.1,3.5
Poland,POL,2013,1.8,2.1,13.0,9.9,65.8,1.8,2.2,8.0,0.2,92.1,6.8,0.9,41.2,74.4,153.8,60.9,30.2,32.5,31.8,15.9,11.8,63.9,9.8,40.7,9.1,40.2,16.9,28.6,15.2,24.8,11.1,14.0,2.9,13.6,8.4,7.5,28.3,3.3,1.7,-2.0,8.8,1.6,37.2,22.6,40.3,-0.6,15.9,20.7,6.3,7.7,13.4,15.1
Poland,POL,2019,2.4,3.0,23.0,19.8,34.9,2.3,3.4,16.2,2.8,99.0,0.6,0.2,31.8,72.8,114.6,48.1,48.8,43.9,36.4,18.0,21.2,71.4,5.0,33.1,12.9,37.0,21.2,27.4,29.1,3.4,16.8,23.9,0.5,4.1,6.4,9.5,35.7,2.5,3.9,1.2,20.3,1.5,50.2,34.9,21.8,3.1,5.8,9.6,2.4,14.5,25.4,23.1
Portugal,PRT,2019,0.2,0.1,15.1,8.6,52.6,0.9,3.6,6.3,2.5,96.2,4.4,0.0,42.1,78.6,88.1,57.8,16.7,27.2,47.3,9.1,9.0,74.8,10.9,8.5,11.2,37.8,8.0,47.0,25.3,2.2,9.6,43.8,0.5,0.6,7.9,13.0,63.4,0.8,2.4,1.3,11.5,1.3,88.4,47.0,10.1,3.3,9.5,17.0,4.2,5.5,11.1,5.3
Romania,ROU,2013,6.0,6.3,46.8,11.1,65.0,1.9,2.7,23.4,1.6,86.1,13.4,0.4,49.5,74.4,176.4,81.7,24.7,38.1,45.4,32.7,13.1,39.2,8.4,35.7,14.0,47.2,11.5,31.5,30.8,4.8,22.4,30.1,1.2,10.9,7.1,3.4,43.5,5.9,0.9,1.1,14.3,2.3,73.6,50.0,58.5,2.0,13.4,17.4,8.7,11.7,37.6,17.2
Romania,ROU,2019,4.8,5.0,48.9,37.4,49.0,2.2,2.3,21.3,-0.5,96.6,4.5,0.2,23.9,70.1,239.8,56.7,28.5,31.6,40.2,23.6,13.2,48.4,22.5,43.3,9.4,32.4,11.7,18.8,23.2,6.7,27.8,36.1,1.5,8.2,4.1,5.9,19.7,8.3,1.6,-0.3,31.2,1.7,52.9,37.1,35.8,-0.7,10.7,14.8,5.1,17.4,43.0,33.4
Russian Federation,RUS,2012,9.7,7.3,33.1,7.4,65.4,2.7,3.0,12.4,5.8,94.6,5.9,0.5,38.1,84.3,154.0,84.2,11.3,21.3,21.6,28.0,6.3,43.1,26.4,16.0,8.1,28.5,13.0,30.2,14.1,9.7,19.0,23.1,2.0,14.8,7.0,1.9,36.1,8.2,1.8,3.3,15.6,2.4,59.1,14.2,48.1,7.7,5.2,8.5,2.5,16.0,25.4,6.0
Russian Federation,RUS,2019,19.8,31.7,13.8,8.3,74.9,5.1,1.7,7.1,3.4,99.0,1.2,0.3,24.9,81.0,176.8,66.2,33.8,33.4,33.5,15.2,8.3,42.8,12.7,46.9,7.6,34.0,21.7,28.2,9.7,11.4,12.1,7.7,0.3,14.8,9.6,7.9,22.6,6.3,1.1,-5.0,6.3,1.7,30.4,13.8,24.6,-2.0,2.2,7.1,0.6,6.5,17.4,4.4
Rwanda,RWA,2011,4.1,4.5,15.4,10.3,89.7,3.0,4.6,10.7,10.5,84.4,18.7,0.5,48.2,77.3,272.6,92.4,23.3,43.9,45.5,35.1,13.5,30.3,10.2,20.3,20.3,42.7,12.9,56.7,37.6,7.8,27.7,15.4,2.6,23.0,16.1,9.2,21.0,0.5,0.6,-10.3,7.7,3.3,31.3,29.5,54.1,-1.1,2.1,2.9,1.4,18.1,28.4,8.9
Rwanda,RWA,2019,3.1,4.5,0.2,1.2,88.6,2.3,6.8,7.0,9.8,88.4,12.1,0.4,22.2,88.6,231.3,99.4,12.2,42.6,32.8,17.0,6.5,34.1,23.0,22.4,14.3,26.5,13.9,29.6,13.6,7.8,4.5,7.7,2.4,30.8,5.1,5.4,23.7,0.1,2.6,2.7,0.1,3.5,11.3,5.2,71.3,11.8,13.5,18.9,4.5,5.8,5.2,1.6
Senegal,SEN,2014,8.6,7.3,26.6,11.5,62.5,2.8,5.3,12.7,7.1,87.0,13.0,1.9,20.0,71.9,271.7,78.9,19.2,19.6,22.6,51.6,6.6,28.8,2.6,32.5,7.0,22.9,11.8,76.4,55.2,9.0,21.9,48.2,2.8,38.6,23.2,6.1,3.5,4.1,8.1,-3.1,7.0,2.1,29.2,25.2,44.1,4.9,8.0,12.5,2.5,13.1,9.2,4.5
Serbia,SRB,2013,6.8,5.6,19.6,14.4,35.4,1.4,1.6,6.9,-1.2,92.7,6.9,1.7,46.1,58.2,201.0,65.6,32.9,47.4,53.8,20.1,19.1,31.6,6.3,45.8,14.6,34.9,11.0,47.0,17.3,1.1,4.4,6.6,0.8,17.0,10.0,5.6,13.2,9.2,1.0,2.6,5.9,1.9,22.2,15.4,55.2,1.8,26.0,31.4,10.6,8.0,10.4,6.0
Serbia,SRB,2019,4.0,1.2,14.6,13.6,50.5,1.0,1.3,4.7,2.2,90.9,10.4,0.1,48.6,60.8,101.1,41.0,39.4,51.0,53.6,5.5,19.0,52.9,0.3,50.1,17.8,28.5,13.7,49.7,20.2,1.6,6.4,15.1,0.9,7.9,19.7,0.2,12.6,5.6,1.7,4.7,8.1,2.1,24.3,4.6,44.6,6.4,32.7,38.6,16.1,12.0,20.3,3.3
Sierra Leone,SLE,2017,31.4,29.6,45.5,25.4,37.5,11.2,11.7,20.6,18.1,91.7,9.1,0.4,46.6,91.0,355.8,87.3,7.0,8.6,9.0,65.1,1.3,26.8,18.4,22.0,2.8,18.8,16.9,62.5,42.4,45.9,28.4,32.6,15.8,39.7,3.2,2.1,9.3,10.5,11.8,1.3,20.4,3.2,37.8,26.4,87.2,19.1,2.2,5.8,0.5,27.6,14.1,28.5
Slovak Republic,SVK,2013,4.0,2.5,19.0,8.8,54.8,2.9,1.6,3.6,5.0,87.8,14.4,0.0,49.1,47.2,154.5,76.2,37.4,40.2,42.6,10.6,16.9,61.0,3.5,37.5,12.9,29.7,5.1,42.8,14.6,0.6,12.4,25.1,0.2,12.4,13.2,6.3,22.6,5.2,0.4,1.0,3.7,1.4,33.8,11.4,46.5,5.6,24.3,33.0,11.9,6.8,19.2,9.9
Slovak Republic,SVK,2019,1.6,0.9,13.9,5.2,57.6,2.2,1.9,4.1,5.0,90.1,11.0,0.1,36.9,73.7,167.1,68.9,26.0,24.2,34.4,2.5,13.0,67.6,4.0,16.3,7.9,28.9,11.8,39.5,9.6,8.7,5.6,16.2,0.6,3.1,9.3,2.7,17.7,5.3,8.3,-1.6,8.2,1.7,15.0,3.4,28.7,3.4,13.3,24.2,5.3,1.8,11.1,4.1
Slovenia,SVN,2013,0.1,0.2,11.2,16.1,54.2,0.4,0.7,8.3,-1.6,87.3,14.2,0.4,70.6,71.7,152.2,67.2,35.4,39.4,63.1,19.6,21.5,58.9,7.5,3.4,19.5,38.5,14.0,26.8,9.6,0.9,4.4,14.4,0.3,23.4,8.1,8.2,15.7,3.7,1.3,4.4,4.1,2.3,25.2,20.1,12.8,4.5,38.4,38.7,17.5,1.3,10.1,14.4
Slovenia,SVN,2019,0.6,0.0,11.1,9.7,62.4,0.4,2.1,2.3,5.9,89.0,12.6,0.7,77.3,66.2,154.9,68.0,32.5,41.6,64.7,4.0,19.1,62.2,4.4,49.9,9.6,34.1,11.1,18.2,13.0,1.9,9.3,31.0,0.4,6.5,10.0,7.9,14.7,2.0,2.1,1.3,8.6,1.7,29.5,18.3,23.9,7.3,42.8,48.3,20.2,4.4,19.4,18.3
Solomon Islands,SLB,2015,27.4,30.9,65.2,17.4,73.9,3.7,2.6,22.0,12.2,60.1,46.1,0.0,59.7,71.4,247.2,93.9,25.6,35.5,44.4,5.8,11.6,66.1,0.0,38.6,10.3,47.4,12.8,59.7,16.4,14.2,19.4,13.1,4.3,3.5,6.3,2.5,18.5,27.7,0.0,2.7,18.3,2.0,54.2,39.5,80.2,14.7,12.3,16.9,8.8,29.2,30.5,17.1
South Sudan,SSD,2014,33.8,30.6,40.1,10.1,47.9,4.2,10.8,23.6,11.6,66.6,42.7,0.3,38.0,86.2,183.8,80.4,8.0,6.0,6.9,50.0,2.4,35.9,7.6,12.1,2.2,21.9,7.1,69.8,38.1,94.2,46.2,58.6,13.6,15.3,4.8,1.6,7.5,6.8,9.9,-62.1,30.7,3.2,44.7,27.6,81.3,-56.1,2.6,5.0,0.8,39.6,19.5,10.9
Sri Lanka,LKA,2011,9.2,7.7,15.6,3.7,37.3,2.3,1.8,4.5,2.3,97.6,3.7,0.2,22.8,53.5,193.6,79.2,43.6,40.6,40.4,30.2,35.4,25.1,8.5,24.4,18.3,26.1,13.0,47.4,28.6,4.8,10.2,25.6,3.0,14.1,16.0,6.1,11.9,2.0,11.4,-2.4,19.7,2.4,26.9,19.1,54.3,-0.4,3.7,8.6,2.6,10.5,16.0,12.7
Sudan,SDN,2014,7.6,3.2,64.7,8.9,37.3,6.4,4.5,9.3,3.2,35.2,1.2,0.1,20.4,75.3,183.5,100.0,6.7,2.6,4.6,15.3,2.4,59.3,33.8,76.7,0.8,8.2,2.3,90.5,19.0,7.2,20.9,7.6,1.2,5.7,4.8,21.0,9.3,7.8,0.6,9.8,24.7,3.3,76.8,71.5,94.9,13.2,6.7,8.6,3.3,42.1,15.5,13.5
Suriname,SUR,2018,9.6,7.7,22.2,4.0,68.2,5.6,8.4,17.2,0.3,90.9,10.9,0.0,49.5,53.5,241.5,88.4,51.8,44.5,36.6,14.3,26.8,43.1,3.3,35.9,20.5,32.7,15.3,54.6,25.7,8.1,13.5,28.2,1.1,25.9,5.9,0.4,1.2,2.2,12.4,-14.1,2.8,3.1,10.8,3.1,24.3,-14.1,7.4,7.9,3.0,12.7,17.3,0.5
Sweden,SWE,2014,1.5,0.3,2.7,1.0,85.4,0.4,0.8,6.9,1.3,73.3,26.9,0.0,70.8,75.9,83.9,51.5,17.9,26.6,35.5,3.3,12.0,71.2,3.4,21.3,8.7,52.5,9.3,29.7,25.25,14.0,2.2,25.200000000000003,2.25,6.7,7.0,0.2,6.1,0.9,0.0,0.7,1.2,1.4,9.1,16.950000000000003,8.9,1.4,16.4,20.2,7.5,2.0,17.3,7.35
Tajikistan,TJK,2013,29.2,30.8,23.3,3.7,65.1,7.3,3.5,8.0,7.8,93.9,6.2,3.9,40.0,74.4,158.8,91.6,13.2,19.6,14.0,21.8,5.1,57.3,6.8,11.3,8.6,32.5,8.1,34.8,24.1,17.3,12.1,26.6,9.2,18.8,9.8,11.8,17.8,3.7,10.4,5.4,10.8,3.4,30.3,29.0,73.2,11.1,4.3,13.9,2.4,9.3,14.9,3.0
Tajikistan,TJK,2019,8.8,8.1,10.3,2.9,25.9,3.0,3.5,2.8,3.9,80.5,5.3,2.1,23.9,85.0,125.5,64.2,8.3,12.8,18.0,6.1,2.5,68.1,9.5,12.4,4.4,22.7,6.2,11.8,13.7,7.1,2.8,13.9,0.6,5.2,14.3,18.7,28.8,2.3,8.4,2.0,2.4,4.3,24.3,18.8,78.7,5.7,3.1,7.8,1.4,2.5,7.5,1.3
Tanzania,TZA,2013,15.7,14.6,47.2,34.0,80.4,4.2,6.8,21.1,10.4,95.3,4.6,0.4,40.0,79.6,240.2,96.2,18.5,14.7,16.6,43.9,8.8,25.8,2.8,12.6,5.9,24.7,9.9,72.6,45.0,24.5,36.7,45.8,15.1,37.9,6.1,1.3,8.3,2.5,24.9,-27.6,34.2,2.2,41.1,41.2,65.6,-22.1,6.0,11.9,2.3,38.8,40.8,31.7
Thailand,THA,2016,8.7,8.5,2.7,0.0,24.2,3.5,0.8,0.6,1.8,98.5,2.1,0.0,16.9,86.4,320.1,93.4,15.3,28.9,15.5,2.4,8.9,40.5,33.8,18.1,15.4,64.4,33.4,25.1,5.2,20.0,5.1,23.7,4.1,4.6,5.0,1.7,15.0,2.3,19.8,-3.0,0.9,1.2,15.0,9.2,41.9,-1.8,4.7,5.1,2.6,7.3,2.1,10.6
Timor-Leste,TLS,2015,27.5,17.1,8.4,4.9,48.8,12.3,15.2,5.7,6.8,88.8,2.1,2.4,41.7,68.0,235.1,74.8,12.5,19.1,14.9,18.4,2.8,49.2,0.0,27.9,8.1,64.4,61.8,56.8,6.7,31.8,22.8,22.6,9.4,14.1,0.0,0.9,3.9,21.0,2.6,-3.8,4.4,2.4,9.2,5.0,50.1,3.2,36.8,38.6,30.1,4.7,13.5,6.4
Togo,TGO,2016,5.4,4.7,44.7,30.7,62.2,2.5,7.3,32.0,8.0,75.9,27.8,0.5,46.9,64.8,226.1,90.9,25.7,40.3,42.3,51.2,17.6,31.4,9.7,20.2,18.9,25.3,10.7,68.7,50.6,11.8,35.5,50.1,3.7,24.2,7.2,8.0,25.5,6.8,6.9,4.2,15.2,2.8,55.8,41.5,76.7,12.0,26.4,32.5,16.0,35.8,21.1,7.9
Tunisia,TUN,2013,8.8,4.9,36.0,3.2,68.7,1.8,9.8,8.8,0.5,92.0,11.7,0.5,44.2,44.8,251.5,87.0,22.9,44.7,53.6,23.9,12.9,36.3,6.6,46.0,17.7,49.5,2.7,45.2,28.6,41.9,7.6,8.6,2.0,10.2,13.8,2.1,2.4,4.3,0.4,-4.5,2.8,1.5,15.9,13.6,23.8,-4.4,30.2,38.3,16.3,9.3,29.1,4.2
Tunisia,TUN,2020,10.4,4.8,56.1,12.6,34.2,0.8,3.5,19.8,4.2,89.9,10.2,0.1,30.5,46.6,319.0,96.0,35.9,41.7,42.0,47.4,19.9,30.5,6.8,44.9,13.9,40.1,7.7,60.9,58.8,53.4,44.8,32.0,0.6,39.4,8.3,1.0,3.2,15.0,0.6,-5.1,26.3,1.4,39.4,21.5,9.3,0.4,23.6,31.9,15.8,32.9,34.8,16.1
Turkey,TUR,2013,2.3,1.2,11.7,2.5,56.7,3.3,4.9,5.1,7.7,96.6,5.1,0.3,34.5,60.9,206.1,30.9,45.3,43.2,40.4,9.3,31.3,56.4,4.3,16.6,16.5,25.1,0.3,40.3,14.1,69.3,6.1,19.0,4.1,9.6,19.5,2.2,36.6,3.6,5.8,5.9,5.4,1.5,23.8,11.4,55.8,14.1,21.6,34.5,13.1,4.9,9.7,5.1
Turkey,TUR,2019,0.9,1.3,25.4,15.1,40.6,0.6,2.5,6.5,0.3,99.1,1.2,0.0,22.2,76.6,174.5,37.9,28.7,34.0,34.8,26.5,16.1,35.7,4.0,32.9,10.0,11.3,3.9,50.2,29.2,26.8,15.0,17.0,1.8,28.9,8.3,1.5,24.1,1.1,2.6,-0.7,20.4,1.5,66.6,32.0,36.5,-0.3,10.0,14.9,5.3,9.8,19.4,14.3
Uganda,UGA,2013,14.6,14.3,19.1,14.9,55.3,8.8,7.2,22.0,2.3,89.8,10.4,0.9,19.2,80.3,161.8,86.7,8.1,21.4,9.7,19.6,3.1,42.0,9.2,19.7,6.8,26.6,10.2,95.2,37.9,17.6,15.7,26.8,11.2,12.3,19.7,1.2,18.5,2.6,23.4,-32.5,15.2,3.9,21.6,18.0,75.5,-32.7,4.1,12.8,0.9,19.3,13.8,18.5
Ukraine,UKR,2013,43.3,47.9,34.4,4.0,78.5,4.5,3.6,6.6,-3.7,98.0,3.3,1.6,20.2,71.6,155.7,63.3,24.9,13.9,17.4,16.2,9.3,37.7,19.5,34.2,3.7,32.2,15.5,51.3,27.3,29.2,4.1,6.6,1.9,24.3,8.0,4.6,15.3,14.3,2.0,-8.8,7.3,2.4,43.6,13.9,59.4,-13.5,7.2,15.0,3.0,8.0,6.1,4.4
Ukraine,UKR,2019,33.5,36.3,56.0,32.3,78.2,2.3,3.5,30.9,0.2,95.9,4.8,0.0,37.0,79.9,173.6,68.7,16.3,21.5,22.1,46.3,7.5,32.2,11.9,13.2,5.7,38.6,15.0,50.3,50.1,5.2,25.8,31.5,0.8,13.9,9.2,3.1,12.5,17.0,1.7,-7.7,26.6,1.8,57.2,29.9,32.8,-7.7,10.5,15.0,4.2,27.3,37.9,19.9
Uruguay,URY,2017,2.0,0.0,17.5,7.8,77.3,1.3,2.1,27.4,-0.1,90.3,9.5,0.1,58.2,69.9,241.9,40.4,31.8,39.8,54.1,20.6,18.8,48.1,4.2,54.2,11.7,37.0,11.6,67.9,36.6,1.6,36.4,55.0,0.3,4.2,16.2,7.8,25.5,1.7,7.7,7.4,11.1,2.9,50.7,30.5,22.8,8.4,10.7,21.6,6.7,17.9,37.0,24.0
Uzbekistan,UZB,2013,3.9,3.2,6.6,1.2,23.0,2.0,3.5,2.4,7.4,91.8,6.3,8.1,31.3,89.6,154.5,96.9,9.4,13.4,23.8,5.8,6.3,73.7,4.9,2.3,6.1,29.0,10.8,21.1,14.1,13.8,2.3,16.8,6.7,7.5,28.1,1.7,10.3,2.1,35.4,-1.2,1.2,1.7,7.6,1.0,34.2,5.4,1.5,2.1,1.0,1.6,2.1,0.3
Uzbekistan,UZB,2019,4.8,6.7,7.4,3.3,30.3,3.1,6.8,8.0,4.0,95.0,4.6,1.1,37.8,73.1,166.1,96.4,26.2,23.7,22.2,5.8,17.6,58.5,15.1,2.9,8.3,25.9,11.9,21.5,11.5,14.4,7.1,19.0,3.0,10.2,15.2,3.3,23.0,4.9,11.7,-6.7,4.2,2.9,6.9,3.6,29.1,-2.5,5.0,6.4,2.5,3.6,6.0,2.3
Vietnam,VNM,2015,21.7,25.0,7.6,0.7,50.9,5.4,3.5,4.1,5.6,96.0,3.6,1.8,42.5,67.3,216.0,91.0,29.3,32.3,40.8,10.8,15.4,50.0,5.6,21.2,13.1,51.1,19.3,49.5,11.0,1.6,8.0,3.7,2.2,21.8,17.0,3.2,9.4,2.6,2.4,-5.8,2.4,1.9,4.3,5.8,42.7,-0.8,9.6,12.8,5.5,6.9,8.1,3.8
West Bank and Gaza,PSE,2013,4.7,3.7,50.0,16.1,35.4,4.7,15.3,29.8,7.2,97.5,1.9,0.0,30.8,72.0,149.0,63.6,7.5,11.1,9.3,52.6,4.3,71.9,13.8,30.3,3.3,10.7,2.3,49.6,29.5,34.2,33.8,53.7,11.2,11.0,9.4,3.8,10.7,2.8,11.2,-4.8,25.7,3.1,35.9,27.1,51.7,0.9,21.7,24.7,12.0,29.0,5.3,11.2
West Bank and Gaza,PSE,2019,5.0,5.4,20.4,3.9,36.4,1.4,7.5,13.3,-2.6,98.2,2.2,0.0,36.3,89.6,182.8,80.8,7.9,12.7,14.0,26.1,5.4,67.5,14.2,21.0,5.1,6.0,0.9,63.9,27.9,34.9,9.6,41.7,7.6,17.7,11.7,0.2,1.1,1.0,5.2,3.5,7.9,1.9,11.8,8.7,48.3,-0.1,16.2,22.3,10.8,16.2,4.7,2.6
"Yemen, Rep.",YEM,2013,60.9,62.6,97.4,41.2,27.1,3.9,4.9,61.8,-4.7,98.6,0.8,0.2,38.0,94.8,281.5,87.7,3.8,4.6,4.7,45.5,1.2,47.7,16.3,16.4,1.3,6.6,0.6,43.0,23.6,48.1,33.9,77.1,19.7,4.8,1.1,0.3,0.2,7.9,23.7,-14.4,25.7,4.0,39.2,32.5,89.7,-19.9,9.2,12.0,4.1,33.7,27.3,8.0
Zambia,ZMB,2013,10.0,10.1,24.8,8.7,62.3,5.2,9.9,11.5,3.6,72.0,27.9,0.6,39.0,76.7,208.3,92.8,13.9,13.2,11.8,29.7,7.7,46.6,24.6,18.8,5.2,43.7,14.5,73.3,47.1,15.8,16.2,27.5,7.5,25.3,24.3,3.4,5.5,2.8,11.6,3.7,10.8,2.2,16.5,9.4,60.3,7.1,6.3,16.0,2.5,10.4,12.8,8.2
Zambia,ZMB,2019,5.4,5.0,26.7,22.4,79.7,3.4,4.2,10.5,3.4,76.4,25.7,0.1,44.5,88.7,198.5,93.1,8.9,13.1,10.1,40.1,3.5,36.2,33.6,25.2,4.7,41.5,16.5,65.4,33.7,30.1,11.7,57.0,18.8,31.1,18.3,2.5,7.8,8.1,20.6,-7.0,25.6,3.3,23.5,24.4,75.8,-3.4,5.6,10.3,2.0,26.1,9.4,14.2
Zimbabwe,ZWE,2011,9.4,12.5,32.6,7.0,91.9,1.7,2.3,6.6,-7.2,94.2,11.0,1.3,32.3,84.7,261.3,81.4,13.1,12.8,12.5,63.7,8.6,19.4,23.2,22.3,5.5,56.2,13.0,71.7,47.0,10.4,10.1,46.8,8.8,46.8,12.0,0.0,2.2,1.5,6.8,-1.6,12.9,2.2,41.3,8.9,81.6,2.0,4.2,7.2,1.2,7.1,5.0,9.6
Zimbabwe,ZWE,2016,12.3,12.6,38.3,7.3,70.7,3.2,4.6,7.4,-3.6,87.0,10.9,1.5,24.1,71.2,223.4,82.0,16.7,12.0,7.8,55.9,11.7,26.0,61.5,20.6,5.8,42.5,13.9,73.9,47.4,19.3,17.1,22.1,6.1,20.6,23.6,4.3,3.9,8.3,3.3,-1.5,17.4,3.0,25.2,26.2,75.7,-5.2,5.6,7.2,1.8,21.9,5.8,12.2
